,accuracy,precision,recall,f1
Logistic Regression,0.97,1.0,0.4,0.5714285714285714
Random Forest,0.955,1.0,0.1,0.18181818181818182
Gradient Boosting,0.995,1.0,0.9,0.9473684210526315
